<?xml version="1.0" encoding="UTF-8"?><rss version="2.0"
	xmlns:content="http://purl.org/rss/1.0/modules/content/"
	xmlns:wfw="http://wellformedweb.org/CommentAPI/"
	xmlns:dc="http://purl.org/dc/elements/1.1/"
	xmlns:atom="http://www.w3.org/2005/Atom"
	xmlns:sy="http://purl.org/rss/1.0/modules/syndication/"
	xmlns:slash="http://purl.org/rss/1.0/modules/slash/"
	>

<channel>
	<title>cottura a legna &#8211; Panetteria</title>
	<atom:link href="/tag-prodotto/cottura-a-legna/feed/#038;v=b6a893d8fb12" rel="self" type="application/rss+xml" />
	<link>/</link>
	<description></description>
	<lastBuildDate>Fri, 24 Mar 2023 14:56:54 +0000</lastBuildDate>
	<language>it-IT</language>
	<sy:updatePeriod>
	hourly	</sy:updatePeriod>
	<sy:updateFrequency>
	1	</sy:updateFrequency>
	<generator>https://wordpress.org/?v=6.1.1</generator>
	<item>
		<title>Pane cotto a legna</title>
		<link>/prodotto/pane-cotto-a-legna/</link>
					<comments>/prodotto/pane-cotto-a-legna/#respond</comments>
		
		<dc:creator><![CDATA[Chiara]]></dc:creator>
		<pubDate>Fri, 24 Mar 2023 14:54:19 +0000</pubDate>
				<guid isPermaLink="false">/?post_type=product#038;p=130</guid>

					<description><![CDATA[Pane cotto in forno a legna tradizionale]]></description>
										<content:encoded><![CDATA[<p>Lievito madre<br />
Semola rimacinata<br />
Farina “Fiore”<br />
Acqua<br />
Sale grosso</p>
]]></content:encoded>
					
					<wfw:commentRss>/prodotto/pane-cotto-a-legna/feed/</wfw:commentRss>
			<slash:comments>0</slash:comments>
		
		
			</item>
	</channel>
</rss>
