<?xml version="1.0" encoding="UTF-8"?><rss version="2.0"
	xmlns:content="http://purl.org/rss/1.0/modules/content/"
	xmlns:wfw="http://wellformedweb.org/CommentAPI/"
	xmlns:dc="http://purl.org/dc/elements/1.1/"
	xmlns:atom="http://www.w3.org/2005/Atom"
	xmlns:sy="http://purl.org/rss/1.0/modules/syndication/"
	xmlns:slash="http://purl.org/rss/1.0/modules/slash/"
	>

<channel>
	<title>Pane &#8211; Panetteria</title>
	<atom:link href="/categoria-prodotto/pane/feed/#038;v=b6a893d8fb12" rel="self" type="application/rss+xml" />
	<link>/</link>
	<description></description>
	<lastBuildDate>Fri, 24 Mar 2023 16:53:39 +0000</lastBuildDate>
	<language>it-IT</language>
	<sy:updatePeriod>
	hourly	</sy:updatePeriod>
	<sy:updateFrequency>
	1	</sy:updateFrequency>
	<generator>https://wordpress.org/?v=6.1.1</generator>
	<item>
		<title>Tarallucci al vino</title>
		<link>/prodotto/tarallucci-al-vino/</link>
					<comments>/prodotto/tarallucci-al-vino/#respond</comments>
		
		<dc:creator><![CDATA[Chiara]]></dc:creator>
		<pubDate>Fri, 24 Mar 2023 16:53:39 +0000</pubDate>
				<guid isPermaLink="false">/?post_type=product#038;p=169</guid>

					<description><![CDATA[Tradizionali ciambellette al vino, perfette per essere inzuppate nel vino dei Castelli Romani]]></description>
										<content:encoded><![CDATA[<ul>
<li>
<div class="recipe-ingredient-item"><span class="recipe-ingredient-text"><span class="recipe-ingredient-name">Farina</span></span></div>
</li>
<li>
<div class="recipe-ingredient-item"><span class="recipe-ingredient-text"><span class="recipe-ingredient-name">Vino rosso</span></span></div>
</li>
<li>
<div class="recipe-ingredient-item"><span class="recipe-ingredient-text"><span class="recipe-ingredient-name">Olio di semi di mais</span></span></div>
</li>
<li>
<div class="recipe-ingredient-item"><span class="recipe-ingredient-text"><span class="recipe-ingredient-name">Zucchero</span></span></div>
</li>
<li>
<div class="recipe-ingredient-item"><span class="recipe-ingredient-text"><span class="recipe-ingredient-name">Lievito in polvere per dolci</span></span></div>
</li>
<li>
<div class="recipe-ingredient-item"><span class="recipe-ingredient-text"><span class="recipe-ingredient-name">Zucchero</span></span></div>
</li>
</ul>
]]></content:encoded>
					
					<wfw:commentRss>/prodotto/tarallucci-al-vino/feed/</wfw:commentRss>
			<slash:comments>0</slash:comments>
		
		
			</item>
		<item>
		<title>Pane cotto a legna</title>
		<link>/prodotto/pane-cotto-a-legna/</link>
					<comments>/prodotto/pane-cotto-a-legna/#respond</comments>
		
		<dc:creator><![CDATA[Chiara]]></dc:creator>
		<pubDate>Fri, 24 Mar 2023 14:54:19 +0000</pubDate>
				<guid isPermaLink="false">/?post_type=product#038;p=130</guid>

					<description><![CDATA[Pane cotto in forno a legna tradizionale]]></description>
										<content:encoded><![CDATA[<p>Lievito madre<br />
Semola rimacinata<br />
Farina “Fiore”<br />
Acqua<br />
Sale grosso</p>
]]></content:encoded>
					
					<wfw:commentRss>/prodotto/pane-cotto-a-legna/feed/</wfw:commentRss>
			<slash:comments>0</slash:comments>
		
		
			</item>
		<item>
		<title>Pane alla curcuma</title>
		<link>/prodotto/pane-alla-curcuma/</link>
					<comments>/prodotto/pane-alla-curcuma/#respond</comments>
		
		<dc:creator><![CDATA[Chiara]]></dc:creator>
		<pubDate>Fri, 24 Mar 2023 14:11:17 +0000</pubDate>
				<guid isPermaLink="false">/?post_type=product#038;p=64</guid>

					<description><![CDATA[Pane giallo con curcuma e semi]]></description>
										<content:encoded><![CDATA[<ul>
<li>Semola rimacinata di grano duro</li>
<li>fiocchi di avena</li>
<li>semi di girasole</li>
<li>semi di chia</li>
<li>semi di lino</li>
<li>lievito madre di frumento</li>
<li>curcuma in polvere</li>
</ul>
]]></content:encoded>
					
					<wfw:commentRss>/prodotto/pane-alla-curcuma/feed/</wfw:commentRss>
			<slash:comments>0</slash:comments>
		
		
			</item>
		<item>
		<title>Pane ai cereali</title>
		<link>/prodotto/hoodie-with-logo-3/</link>
					<comments>/prodotto/hoodie-with-logo-3/#respond</comments>
		
		<dc:creator><![CDATA[Chiara]]></dc:creator>
		<pubDate>Fri, 24 Mar 2023 10:38:52 +0000</pubDate>
				<guid isPermaLink="false">/prodotto/hoodie-with-logo-3/</guid>

					<description><![CDATA[Semi di
<ul>
 	<li>Girasole</li>
 	<li>Lino (scuro e chiaro)</li>
</ul>]]></description>
										<content:encoded><![CDATA[<p>Fiocchi e granella di Soia</p>
<p>Mais soffiato</p>
<p>Granella di mais</p>
<p>Granella di Grano Saraceno</p>
<p>&nbsp;</p>
]]></content:encoded>
					
					<wfw:commentRss>/prodotto/hoodie-with-logo-3/feed/</wfw:commentRss>
			<slash:comments>0</slash:comments>
		
		
			</item>
	</channel>
</rss>
