<?xml version="1.0" encoding="UTF-8"?><rss version="2.0"
	xmlns:content="http://purl.org/rss/1.0/modules/content/"
	xmlns:dc="http://purl.org/dc/elements/1.1/"
	xmlns:atom="http://www.w3.org/2005/Atom"
	xmlns:sy="http://purl.org/rss/1.0/modules/syndication/"
	
	>
<channel>
	<title>
	Commenti a: Tarallucci al vino	</title>
	<atom:link href="/prodotto/tarallucci-al-vino/feed/#038;v=b6a893d8fb12" rel="self" type="application/rss+xml" />
	<link>/prodotto/tarallucci-al-vino/</link>
	<description></description>
	<lastBuildDate>Fri, 24 Mar 2023 16:53:39 +0000</lastBuildDate>
	<sy:updatePeriod>
	hourly	</sy:updatePeriod>
	<sy:updateFrequency>
	1	</sy:updateFrequency>
	<generator>https://wordpress.org/?v=6.1.1</generator>
</channel>
</rss>
