<?xml version="1.0" encoding="UTF-8"?><rss version="2.0"
	xmlns:content="http://purl.org/rss/1.0/modules/content/"
	xmlns:wfw="http://wellformedweb.org/CommentAPI/"
	xmlns:dc="http://purl.org/dc/elements/1.1/"
	xmlns:atom="http://www.w3.org/2005/Atom"
	xmlns:sy="http://purl.org/rss/1.0/modules/syndication/"
	xmlns:slash="http://purl.org/rss/1.0/modules/slash/"
	>

<channel>
	<title>pane ai cereali &#8211; Panetteria</title>
	<atom:link href="/tag-prodotto/pane-ai-cereali/feed/#038;v=b6a893d8fb12" rel="self" type="application/rss+xml" />
	<link>/</link>
	<description></description>
	<lastBuildDate>Fri, 24 Mar 2023 14:28:41 +0000</lastBuildDate>
	<language>it-IT</language>
	<sy:updatePeriod>
	hourly	</sy:updatePeriod>
	<sy:updateFrequency>
	1	</sy:updateFrequency>
	<generator>https://wordpress.org/?v=6.1.1</generator>
	<item>
		<title>Pane ai cereali</title>
		<link>/prodotto/hoodie-with-logo-3/</link>
					<comments>/prodotto/hoodie-with-logo-3/#respond</comments>
		
		<dc:creator><![CDATA[Chiara]]></dc:creator>
		<pubDate>Fri, 24 Mar 2023 10:38:52 +0000</pubDate>
				<guid isPermaLink="false">/prodotto/hoodie-with-logo-3/</guid>

					<description><![CDATA[Semi di
<ul>
 	<li>Girasole</li>
 	<li>Lino (scuro e chiaro)</li>
</ul>]]></description>
										<content:encoded><![CDATA[<p>Fiocchi e granella di Soia</p>
<p>Mais soffiato</p>
<p>Granella di mais</p>
<p>Granella di Grano Saraceno</p>
<p>&nbsp;</p>
]]></content:encoded>
					
					<wfw:commentRss>/prodotto/hoodie-with-logo-3/feed/</wfw:commentRss>
			<slash:comments>0</slash:comments>
		
		
			</item>
	</channel>
</rss>
