<?xml version="1.0" encoding="UTF-8"?><rss version="2.0"
	xmlns:content="http://purl.org/rss/1.0/modules/content/"
	xmlns:wfw="http://wellformedweb.org/CommentAPI/"
	xmlns:dc="http://purl.org/dc/elements/1.1/"
	xmlns:atom="http://www.w3.org/2005/Atom"
	xmlns:sy="http://purl.org/rss/1.0/modules/syndication/"
	xmlns:slash="http://purl.org/rss/1.0/modules/slash/"
	>

<channel>
	<title>vino &#8211; Panetteria</title>
	<atom:link href="/tag-prodotto/vino/feed/#038;v=b6a893d8fb12" rel="self" type="application/rss+xml" />
	<link>/</link>
	<description></description>
	<lastBuildDate>Fri, 24 Mar 2023 16:53:39 +0000</lastBuildDate>
	<language>it-IT</language>
	<sy:updatePeriod>
	hourly	</sy:updatePeriod>
	<sy:updateFrequency>
	1	</sy:updateFrequency>
	<generator>https://wordpress.org/?v=6.1.1</generator>
	<item>
		<title>Tarallucci al vino</title>
		<link>/prodotto/tarallucci-al-vino/</link>
					<comments>/prodotto/tarallucci-al-vino/#respond</comments>
		
		<dc:creator><![CDATA[Chiara]]></dc:creator>
		<pubDate>Fri, 24 Mar 2023 16:53:39 +0000</pubDate>
				<guid isPermaLink="false">/?post_type=product#038;p=169</guid>

					<description><![CDATA[Tradizionali ciambellette al vino, perfette per essere inzuppate nel vino dei Castelli Romani]]></description>
										<content:encoded><![CDATA[<ul>
<li>
<div class="recipe-ingredient-item"><span class="recipe-ingredient-text"><span class="recipe-ingredient-name">Farina</span></span></div>
</li>
<li>
<div class="recipe-ingredient-item"><span class="recipe-ingredient-text"><span class="recipe-ingredient-name">Vino rosso</span></span></div>
</li>
<li>
<div class="recipe-ingredient-item"><span class="recipe-ingredient-text"><span class="recipe-ingredient-name">Olio di semi di mais</span></span></div>
</li>
<li>
<div class="recipe-ingredient-item"><span class="recipe-ingredient-text"><span class="recipe-ingredient-name">Zucchero</span></span></div>
</li>
<li>
<div class="recipe-ingredient-item"><span class="recipe-ingredient-text"><span class="recipe-ingredient-name">Lievito in polvere per dolci</span></span></div>
</li>
<li>
<div class="recipe-ingredient-item"><span class="recipe-ingredient-text"><span class="recipe-ingredient-name">Zucchero</span></span></div>
</li>
</ul>
]]></content:encoded>
					
					<wfw:commentRss>/prodotto/tarallucci-al-vino/feed/</wfw:commentRss>
			<slash:comments>0</slash:comments>
		
		
			</item>
	</channel>
</rss>
