<?xml version="1.0" encoding="UTF-8"?><rss version="2.0"
	xmlns:content="http://purl.org/rss/1.0/modules/content/"
	xmlns:wfw="http://wellformedweb.org/CommentAPI/"
	xmlns:dc="http://purl.org/dc/elements/1.1/"
	xmlns:atom="http://www.w3.org/2005/Atom"
	xmlns:sy="http://purl.org/rss/1.0/modules/syndication/"
	xmlns:slash="http://purl.org/rss/1.0/modules/slash/"
	>

<channel>
	<title>Colomba &#8211; Panetteria</title>
	<atom:link href="/categoria-prodotto/pasqua/colomba/feed/#038;v=b6a893d8fb12" rel="self" type="application/rss+xml" />
	<link>/</link>
	<description></description>
	<lastBuildDate>Fri, 24 Mar 2023 14:48:24 +0000</lastBuildDate>
	<language>it-IT</language>
	<sy:updatePeriod>
	hourly	</sy:updatePeriod>
	<sy:updateFrequency>
	1	</sy:updateFrequency>
	<generator>https://wordpress.org/?v=6.1.1</generator>
	<item>
		<title>Colomba pasquale artigianale</title>
		<link>/prodotto/colomba-pasquale-artigianale/</link>
					<comments>/prodotto/colomba-pasquale-artigianale/#respond</comments>
		
		<dc:creator><![CDATA[Chiara]]></dc:creator>
		<pubDate>Fri, 24 Mar 2023 14:43:58 +0000</pubDate>
				<guid isPermaLink="false">/?post_type=product#038;p=112</guid>

					<description><![CDATA[Colomba pasquale]]></description>
										<content:encoded><![CDATA[<ul>
<li>Tuorli d&#8217;uovo</li>
<li>Burro</li>
<li>Aromi naturali</li>
<li>Acqua</li>
<li>Farina di mandorle</li>
<li>Albume</li>
<li>Mandorle naturali</li>
</ul>
]]></content:encoded>
					
					<wfw:commentRss>/prodotto/colomba-pasquale-artigianale/feed/</wfw:commentRss>
			<slash:comments>0</slash:comments>
		
		
			</item>
	</channel>
</rss>
