<?xml version="1.0" encoding="UTF-8"?><rss version="2.0"
	xmlns:content="http://purl.org/rss/1.0/modules/content/"
	xmlns:wfw="http://wellformedweb.org/CommentAPI/"
	xmlns:dc="http://purl.org/dc/elements/1.1/"
	xmlns:atom="http://www.w3.org/2005/Atom"
	xmlns:sy="http://purl.org/rss/1.0/modules/syndication/"
	xmlns:slash="http://purl.org/rss/1.0/modules/slash/"
	>

<channel>
	<title>pane alla curcuma &#8211; Panetteria</title>
	<atom:link href="/tag-prodotto/pane-alla-curcuma/feed/#038;v=b6a893d8fb12" rel="self" type="application/rss+xml" />
	<link>/</link>
	<description></description>
	<lastBuildDate>Fri, 24 Mar 2023 14:28:15 +0000</lastBuildDate>
	<language>it-IT</language>
	<sy:updatePeriod>
	hourly	</sy:updatePeriod>
	<sy:updateFrequency>
	1	</sy:updateFrequency>
	<generator>https://wordpress.org/?v=6.1.1</generator>
	<item>
		<title>Pane alla curcuma</title>
		<link>/prodotto/pane-alla-curcuma/</link>
					<comments>/prodotto/pane-alla-curcuma/#respond</comments>
		
		<dc:creator><![CDATA[Chiara]]></dc:creator>
		<pubDate>Fri, 24 Mar 2023 14:11:17 +0000</pubDate>
				<guid isPermaLink="false">/?post_type=product#038;p=64</guid>

					<description><![CDATA[Pane giallo con curcuma e semi]]></description>
										<content:encoded><![CDATA[<ul>
<li>Semola rimacinata di grano duro</li>
<li>fiocchi di avena</li>
<li>semi di girasole</li>
<li>semi di chia</li>
<li>semi di lino</li>
<li>lievito madre di frumento</li>
<li>curcuma in polvere</li>
</ul>
]]></content:encoded>
					
					<wfw:commentRss>/prodotto/pane-alla-curcuma/feed/</wfw:commentRss>
			<slash:comments>0</slash:comments>
		
		
			</item>
	</channel>
</rss>
